{
  "n_patients": 20,
  "per_patient": [
    {
      "patient": "patient_01",
      "individual": 0.8,
      "naive_pos1": 0.7210526315789474,
      "naive_pos2": 0.6789473684210526,
      "rope_pos1": 0.6605263157894737,
      "rope_pos2": 0.7473684210526316,
      "delta_naive_pos1": -0.07894736842105265,
      "delta_naive_pos2": -0.12105263157894741,
      "delta_rope_pos1": -0.1394736842105263,
      "delta_rope_pos2": -0.052631578947368474,
      "delta_naive_avg": -0.10000000000000009,
      "delta_rope_avg": -0.09605263157894739,
      "n_naive_pos1": 380,
      "n_naive_pos2": 380,
      "n_rope_pos1": 380,
      "n_rope_pos2": 380
    },
    {
      "patient": "patient_02",
      "individual": 0.9,
      "naive_pos1": 0.8526315789473684,
      "naive_pos2": 0.8473684210526315,
      "rope_pos1": 0.7394736842105263,
      "rope_pos2": 0.8447368421052631,
      "delta_naive_pos1": -0.047368421052631615,
      "delta_naive_pos2": -0.052631578947368474,
      "delta_rope_pos1": -0.16052631578947374,
      "delta_rope_pos2": -0.0552631578947369,
      "delta_naive_avg": -0.050000000000000044,
      "delta_rope_avg": -0.10789473684210538,
      "n_naive_pos1": 380,
      "n_naive_pos2": 380,
      "n_rope_pos1": 380,
      "n_rope_pos2": 380
    },
    {
      "patient": "patient_03",
      "individual": 0.9,
      "naive_pos1": 0.8131578947368421,
      "naive_pos2": 0.8263157894736842,
      "rope_pos1": 0.7684210526315789,
      "rope_pos2": 0.8026315789473685,
      "delta_naive_pos1": -0.08684210526315794,
      "delta_naive_pos2": -0.0736842105263158,
      "delta_rope_pos1": -0.13157894736842113,
      "delta_rope_pos2": -0.09736842105263155,
      "delta_naive_avg": -0.08026315789473693,
      "delta_rope_avg": -0.1144736842105264,
      "n_naive_pos1": 380,
      "n_naive_pos2": 380,
      "n_rope_pos1": 380,
      "n_rope_pos2": 380
    },
    {
      "patient": "patient_04",
      "individual": 0.9,
      "naive_pos1": 0.8421052631578947,
      "naive_pos2": 0.8315789473684211,
      "rope_pos1": 0.6342105263157894,
      "rope_pos2": 0.8447368421052631,
      "delta_naive_pos1": -0.05789473684210533,
      "delta_naive_pos2": -0.06842105263157894,
      "delta_rope_pos1": -0.2657894736842106,
      "delta_rope_pos2": -0.0552631578947369,
      "delta_naive_avg": -0.06315789473684219,
      "delta_rope_avg": -0.16052631578947374,
      "n_naive_pos1": 380,
      "n_naive_pos2": 380,
      "n_rope_pos1": 380,
      "n_rope_pos2": 380
    },
    {
      "patient": "patient_05",
      "individual": 0.85,
      "naive_pos1": 0.6947368421052632,
      "naive_pos2": 0.6789473684210526,
      "rope_pos1": 0.5447368421052632,
      "rope_pos2": 0.7421052631578947,
      "delta_naive_pos1": -0.15526315789473677,
      "delta_naive_pos2": -0.17105263157894735,
      "delta_rope_pos1": -0.3052631578947368,
      "delta_rope_pos2": -0.10789473684210527,
      "delta_naive_avg": -0.16315789473684206,
      "delta_rope_avg": -0.20657894736842108,
      "n_naive_pos1": 380,
      "n_naive_pos2": 380,
      "n_rope_pos1": 380,
      "n_rope_pos2": 380
    },
    {
      "patient": "patient_06",
      "individual": 0.8,
      "naive_pos1": 0.7263157894736842,
      "naive_pos2": 0.7473684210526316,
      "rope_pos1": 0.5421052631578948,
      "rope_pos2": 0.8184210526315789,
      "delta_naive_pos1": -0.0736842105263158,
      "delta_naive_pos2": -0.052631578947368474,
      "delta_rope_pos1": -0.2578947368421053,
      "delta_rope_pos2": 0.018421052631578894,
      "delta_naive_avg": -0.06315789473684208,
      "delta_rope_avg": -0.11973684210526314,
      "n_naive_pos1": 380,
      "n_naive_pos2": 380,
      "n_rope_pos1": 380,
      "n_rope_pos2": 380
    },
    {
      "patient": "patient_07",
      "individual": 0.9,
      "naive_pos1": 0.7921052631578948,
      "naive_pos2": 0.7684210526315789,
      "rope_pos1": 0.7236842105263158,
      "rope_pos2": 0.8763157894736842,
      "delta_naive_pos1": -0.10789473684210527,
      "delta_naive_pos2": -0.13157894736842113,
      "delta_rope_pos1": -0.1763157894736842,
      "delta_rope_pos2": -0.023684210526315863,
      "delta_naive_avg": -0.11973684210526325,
      "delta_rope_avg": -0.09999999999999998,
      "n_naive_pos1": 380,
      "n_naive_pos2": 380,
      "n_rope_pos1": 380,
      "n_rope_pos2": 380
    },
    {
      "patient": "patient_08",
      "individual": 0.75,
      "naive_pos1": 0.6894736842105263,
      "naive_pos2": 0.6605263157894737,
      "rope_pos1": 0.618421052631579,
      "rope_pos2": 0.6789473684210526,
      "delta_naive_pos1": -0.06052631578947365,
      "delta_naive_pos2": -0.08947368421052626,
      "delta_rope_pos1": -0.13157894736842102,
      "delta_rope_pos2": -0.07105263157894737,
      "delta_naive_avg": -0.07499999999999996,
      "delta_rope_avg": -0.10131578947368425,
      "n_naive_pos1": 380,
      "n_naive_pos2": 380,
      "n_rope_pos1": 380,
      "n_rope_pos2": 380
    },
    {
      "patient": "patient_09",
      "individual": 0.95,
      "naive_pos1": 0.881578947368421,
      "naive_pos2": 0.868421052631579,
      "rope_pos1": 0.7684210526315789,
      "rope_pos2": 0.9052631578947369,
      "delta_naive_pos1": -0.06842105263157894,
      "delta_naive_pos2": -0.08157894736842097,
      "delta_rope_pos1": -0.18157894736842106,
      "delta_rope_pos2": -0.044736842105263075,
      "delta_naive_avg": -0.07499999999999996,
      "delta_rope_avg": -0.11315789473684212,
      "n_naive_pos1": 380,
      "n_naive_pos2": 380,
      "n_rope_pos1": 380,
      "n_rope_pos2": 380
    },
    {
      "patient": "patient_10",
      "individual": 0.95,
      "naive_pos1": 0.8473684210526315,
      "naive_pos2": 0.8631578947368421,
      "rope_pos1": 0.8052631578947368,
      "rope_pos2": 0.85,
      "delta_naive_pos1": -0.10263157894736841,
      "delta_naive_pos2": -0.08684210526315783,
      "delta_rope_pos1": -0.14473684210526316,
      "delta_rope_pos2": -0.09999999999999998,
      "delta_naive_avg": -0.09473684210526312,
      "delta_rope_avg": -0.12236842105263157,
      "n_naive_pos1": 380,
      "n_naive_pos2": 380,
      "n_rope_pos1": 380,
      "n_rope_pos2": 380
    },
    {
      "patient": "patient_11",
      "individual": 0.85,
      "naive_pos1": 0.7921052631578948,
      "naive_pos2": 0.7868421052631579,
      "rope_pos1": 0.7236842105263158,
      "rope_pos2": 0.7973684210526316,
      "delta_naive_pos1": -0.05789473684210522,
      "delta_naive_pos2": -0.06315789473684208,
      "delta_rope_pos1": -0.12631578947368416,
      "delta_rope_pos2": -0.05263157894736836,
      "delta_naive_avg": -0.06052631578947365,
      "delta_rope_avg": -0.08947368421052626,
      "n_naive_pos1": 380,
      "n_naive_pos2": 380,
      "n_rope_pos1": 380,
      "n_rope_pos2": 380
    },
    {
      "patient": "patient_12",
      "individual": 0.95,
      "naive_pos1": 0.8894736842105263,
      "naive_pos2": 0.9052631578947369,
      "rope_pos1": 0.8894736842105263,
      "rope_pos2": 0.8868421052631579,
      "delta_naive_pos1": -0.06052631578947365,
      "delta_naive_pos2": -0.044736842105263075,
      "delta_rope_pos1": -0.06052631578947365,
      "delta_rope_pos2": -0.06315789473684208,
      "delta_naive_avg": -0.05263157894736836,
      "delta_rope_avg": -0.06184210526315792,
      "n_naive_pos1": 380,
      "n_naive_pos2": 380,
      "n_rope_pos1": 380,
      "n_rope_pos2": 380
    },
    {
      "patient": "patient_13",
      "individual": 0.75,
      "naive_pos1": 0.6447368421052632,
      "naive_pos2": 0.6578947368421053,
      "rope_pos1": 0.5394736842105263,
      "rope_pos2": 0.7131578947368421,
      "delta_naive_pos1": -0.10526315789473684,
      "delta_naive_pos2": -0.09210526315789469,
      "delta_rope_pos1": -0.21052631578947367,
      "delta_rope_pos2": -0.0368421052631579,
      "delta_naive_avg": -0.09868421052631571,
      "delta_rope_avg": -0.12368421052631584,
      "n_naive_pos1": 380,
      "n_naive_pos2": 380,
      "n_rope_pos1": 380,