{
  "naive": {
    "by_first_position": {
      "P01": 0.7394736842105264,
      "P02": 0.8,
      "P03": 0.7855263157894736,
      "P04": 0.8092105263157896,
      "P05": 0.7407894736842104,
      "P06": 0.7486842105263158,
      "P07": 0.7921052631578946,
      "P08": 0.743421052631579,
      "P09": 0.8197368421052632,
      "P10": 0.8210526315789474,
      "P11": 0.7776315789473685,
      "P12": 0.8118421052631578,
      "P13": 0.6921052631578947,
      "P14": 0.7381578947368421,
      "P15": 0.7960526315789472,
      "P16": 0.8078947368421054,
      "P17": 0.8144736842105263,
      "P18": 0.7697368421052632,
      "P19": 0.6894736842105263,
      "P20": 0.7447368421052631
    },
    "by_second_position": {
      "P01": 0.7328947368421054,
      "P02": 0.7973684210526315,
      "P03": 0.8144736842105263,
      "P04": 0.8078947368421052,
      "P05": 0.744736842105263,
      "P06": 0.7526315789473684,
      "P07": 0.7723684210526315,
      "P08": 0.7302631578947368,
      "P09": 0.8223684210526315,
      "P10": 0.8197368421052632,
      "P11": 0.7763157894736842,
      "P12": 0.8184210526315789,
      "P13": 0.7078947368421054,
      "P14": 0.7539473684210527,
      "P15": 0.7828947368421053,
      "P16": 0.8092105263157895,
      "P17": 0.8105263157894738,
      "P18": 0.7631578947368421,
      "P19": 0.6828947368421051,
      "P20": 0.7421052631578947
    },
    "overall_mean": 0.7721052631578946,
    "acc_pos1_mean": 0.7746052631578948,
    "acc_pos2_mean": 0.7696052631578949,
    "recency_bias_estimate": -0.005000000000000004
  },
  "rope_shift": {
    "by_first_position": {
      "P01": 0.7328947368421052,
      "P02": 0.7684210526315789,
      "P03": 0.7763157894736842,
      "P04": 0.7092105263157894,
      "P05": 0.6657894736842106,
      "P06": 0.6565789473684212,
      "P07": 0.7631578947368421,
      "P08": 0.7026315789473684,
      "P09": 0.7855263157894737,
      "P10": 0.7907894736842106,
      "P11": 0.7592105263157896,
      "P12": 0.8157894736842105,
      "P13": 0.6618421052631579,
      "P14": 0.7026315789473684,
      "P15": 0.7789473684210527,
      "P16": 0.7842105263157896,
      "P17": 0.7789473684210526,
      "P18": 0.7105263157894737,
      "P19": 0.6855263157894737,
      "P20": 0.7078947368421052
    },
    "by_second_position": {
      "P01": 0.7223684210526314,
      "P02": 0.7684210526315789,
      "P03": 0.725,
      "P04": 0.7776315789473685,
      "P05": 0.7368421052631579,
      "P06": 0.7460526315789474,
      "P07": 0.7960526315789472,
      "P08": 0.7,
      "P09": 0.7921052631578948,
      "P10": 0.7763157894736842,
      "P11": 0.7328947368421052,
      "P12": 0.7592105263157896,
      "P13": 0.6907894736842105,
      "P14": 0.6907894736842105,
      "P15": 0.7578947368421053,
      "P16": 0.7486842105263157,
      "P17": 0.7736842105263158,
      "P18": 0.7157894736842105,
      "P19": 0.618421052631579,
      "P20": 0.7078947368421054
    },
    "overall_mean": 0.7368421052631579,
    "acc_pos1_mean": 0.6836842105263158,
    "acc_pos2_mean": 0.7899999999999999,
    "recency_bias_estimate": 0.10631578947368422
  }
}