{
  "naive": {
    "by_first_position": {
      "P01": 0.7416666666666667,
      "P03": 0.7583333333333334,
      "P04": 0.775,
      "P05": 0.75,
      "P06": 0.7666666666666666,
      "P07": 0.8041666666666667,
      "P08": 0.7125
    },
    "by_second_position": {
      "P01": 0.7166666666666667,
      "P03": 0.7833333333333333,
      "P04": 0.7791666666666668,
      "P05": 0.75,
      "P06": 0.7749999999999999,
      "P07": 0.7666666666666666,
      "P08": 0.7374999999999999
    },
    "overall_mean": 0.7583333333333334,
    "acc_pos1_mean": 0.7749999999999999,
    "acc_pos2_mean": 0.7416666666666666,
    "recency_bias_estimate": -0.03333333333333333
  },
  "rope_shift": {
    "by_first_position": {
      "P01": 0.7541666666666668,
      "P03": 0.7833333333333333,
      "P04": 0.7041666666666666,
      "P05": 0.7125,
      "P06": 0.6749999999999999,
      "P07": 0.7749999999999999,
      "P08": 0.7000000000000001
    },
    "by_second_position": {
      "P01": 0.6958333333333333,
      "P03": 0.6749999999999999,
      "P04": 0.7666666666666667,
      "P05": 0.725,
      "P06": 0.7583333333333333,
      "P07": 0.7875,
      "P08": 0.6958333333333333
    },
    "overall_mean": 0.7291666666666666,
    "acc_pos1_mean": 0.6678571428571428,
    "acc_pos2_mean": 0.7904761904761903,
    "recency_bias_estimate": 0.12261904761904763
  }
}